Workbook

Sheet Records
A1: Day(Date) | B1: Day(Name) | C1: StartTime | D1: FinishTIme | E1: Guest | F1: Procedure(Name)
A2: =Days!$A$2 -> 45309 | B2: =Days!$C$2 -> Alexander_Amoskin | C2: 0.5 | D2: 0.54166667 | E2: =Users!$A$3 -> Alexander_Poplavec | F2: =Procedures!$A$2 -> Маникюр
A3: =Days!$A$2 -> 45309 | B3: =Users!$A$4 -> Semen_Zaharenko | C3: 0.54166667 | D3: 0.58333333 | E3: =Users!$A$3 -> Alexander_Poplavec | F3: =Procedures!$A$3 -> Педикюр
A4: =Days!$A$2 -> 45309 | B4: =Days!$C$2 -> Alexander_Amoskin | C4: 0.54166667 | D4: 0.58333333 | E4: =Users!$A$5 -> Lubov_Stepanova | F4: =Procedures!$A$2 -> Маникюр
A5: =Days!$A$2 -> 45309 | B5: =Days!$C$2 -> Alexander_Amoskin | C5: 0.58333333 | D5: 0.625 | E5: =Users!$A$5 -> Lubov_Stepanova | F5: =Procedures!$A$3 -> Педикюр

Sheet Procedures
A1: Name | B1: Note | C1: Cost | D1: Materials
A2: Маникюр | B2: Очень большое и подробное описание такой процедуры как маникюр | C2: 2500 | D2: -
A3: Педикюр | B3: Очень большое и подробное описание такой процедуры как педикюр | C3: 3500 | D3: -

Sheet Days
A1: Date | B1: IsWorking | C1: Master(User(Login))
A2: 45309 | B2: 1 | C2: =Users!$A$2 -> Alexander_Amoskin
A3: 45309 | B3: 1 | C3: =Users!$A$4 -> Semen_Zaharenko
A4: 45310 | B4: 0 | C4: =Users!$A$4 -> Semen_Zaharenko
A5: 45310 | B5: 1 | C5: =Users!$A$2 -> Alexander_Amoskin

Sheet Users
A1: Login | B1: Password | C1: Group(Name)
A2: Alexander_Amoskin | B2: sasha515 | C2: =Groups!$A$2 -> Master
A3: Alexander_Poplavec | B3: sasha515 | C3: =Groups!$A$3 -> Guest
A4: Semen_Zaharenko | B4: semen123 | C4: =Groups!$A$2 -> Master
A5: Lubov_Stepanova | B5: lubov222 | C5: =Groups!$A$3 -> Guest

Sheet Groups
A1: Name
A2: Master
A3: Guest
